trade_id,account_id,ticker,side,quantity,price,currency,trade_date
T001,A001,AAPL,BUY,100,190.50,USD,2026-09-01
T002,A001,MSFT,BUY,50,410.00,USD,2026-09-01
T003,A002,SAP,BUY,200,180.00,EUR,2026-09-02
T004,A002,SAP,SELL,50,182.00,EUR,2026-09-03
T005,A003,AAPL,BUY,30,191.00,USD,2026-09-03
T006,A003,VOD,BUY,1000,0.72,GBP,2026-09-04
T007,A001,AAPL,SELL,40,195.00,USD,2026-09-05
T007,A001,AAPL,SELL,40,195.00,USD,2026-09-05
T008,A004,TSLA,BUY,10,250.00,USD,2026-09-05
T009,A002,BMW,BUY,-20,95.00,EUR,2026-09-06
T010,A003,NESN,BUY,15,98.00,CHF,2026-09-06
T011,A001,,BUY,10,100.00,USD,2026-09-07
T012,A002,SAP,BUY,10,181.00,EUR,2026/09/07
 t013 , a001 , msft , buy ,10,415.00, usd ,2026-09-08